<?xml version="1.0" encoding="UTF-8"?>
<java version="16.0.1" class="java.beans.XMLDecoder">
 <object class="java.util.ArrayList">
  <void method="add">
   <object class="factura.Factura">
    <void property="fecha">
     <object class="java.util.GregorianCalendar" id="GregorianCalendar0">
      <void property="time">
       <object class="java.util.Date">
        <long>1623639600000</long>
       </object>
      </void>
     </object>
    </void>
    <void property="numFactura">
     <int>1</int>
    </void>
    <void property="paciente">
     <object class="usuarios.Mayor" id="Mayor0">
      <void property="ciudad">
       <string>Mar del plata</string>
      </void>
      <void property="consultas">
       <void method="put">
        <object class="usuarios.MedicoPermanenteDecorator" id="MedicoPermanenteDecorator0">
         <void property="ciudad">
          <string>Mar del Plata</string>
         </void>
         <void property="dni">
          <string>7432138</string>
         </void>
         <void property="domicilio">
          <string>Belgrano 2135</string>
         </void>
         <void property="honorario">
          <double>7062.000000000001</double>
         </void>
         <void property="medico">
          <object class="usuarios.MedicoPediatra">
           <void property="ciudad">
            <string>Mar del Plata</string>
           </void>
           <void property="dni">
            <string>7432138</string>
           </void>
           <void property="domicilio">
            <string>Belgrano 2135</string>
           </void>
           <void property="honorario">
            <double>6420.0</double>
           </void>
           <void property="nombre">
            <string>Jose Rafael Novo</string>
           </void>
           <void property="numero">
            <int>1408</int>
           </void>
           <void property="telefono">
            <string>5761234</string>
           </void>
          </object>
         </void>
         <void property="nombre">
          <string>Jose Rafael Novo</string>
         </void>
         <void property="numero">
          <int>1408</int>
         </void>
         <void property="reporte">
          <void method="add">
           <object class="factura.Reporte">
            <void property="cantConsultas">
             <int>1</int>
            </void>
            <void property="fecha">
             <object idref="GregorianCalendar0"/>
            </void>
            <void property="nombrePaciente">
             <string>Veronica Galindo</string>
            </void>
            <void property="subtotal">
             <double>7062.000000000001</double>
            </void>
           </object>
          </void>
         </void>
         <void property="telefono">
          <string>5761234</string>
         </void>
        </object>
        <int>1</int>
       </void>
       <void method="put">
        <object class="usuarios.MedicoTemporarioDecorator" id="MedicoTemporarioDecorator0">
         <void property="ciudad">
          <string>Mar del Plata</string>
         </void>
         <void property="dni">
          <string>82216</string>
         </void>
         <void property="domicilio">
          <string>Moreno 4562</string>
         </void>
         <void property="honorario">
          <double>5775.0</double>
         </void>
         <void property="medico">
          <object class="usuarios.MedicoCirujano">
           <void property="ciudad">
            <string>Mar del Plata</string>
           </void>
           <void property="dni">
            <string>82216</string>
           </void>
           <void property="domicilio">
            <string>Moreno 4562</string>
           </void>
           <void property="honorario">
            <double>5500.0</double>
           </void>
           <void property="nombre">
            <string>Davinia Pino</string>
           </void>
           <void property="numero">
            <int>1407</int>
           </void>
           <void property="telefono">
            <string>6872312</string>
           </void>
          </object>
         </void>
         <void property="nombre">
          <string>Davinia Pino</string>
         </void>
         <void property="numero">
          <int>1407</int>
         </void>
         <void property="reporte">
          <void method="add">
           <object class="factura.Reporte">
            <void property="cantConsultas">
             <int>1</int>
            </void>
            <void property="fecha">
             <object idref="GregorianCalendar0"/>
            </void>
            <void property="nombrePaciente">
             <string>Veronica Galindo</string>
            </void>
            <void property="subtotal">
             <double>5775.0</double>
            </void>
           </object>
          </void>
         </void>
         <void property="telefono">
          <string>6872312</string>
         </void>
        </object>
        <int>1</int>
       </void>
      </void>
      <void property="dni">
       <string>65761321</string>
      </void>
      <void property="domicilio">
       <string>Moreno 1239</string>
      </void>
      <void property="internaciones">
       <void method="put">
        <object class="lugares.HabPrivada"/>
        <int>5</int>
       </void>
      </void>
      <void property="nombre">
       <string>Veronica Galindo</string>
      </void>
      <void property="numero">
       <int>1</int>
      </void>
      <void property="rangoEtario">
       <string>Mayor</string>
      </void>
      <void property="telefono">
       <string>2234564687</string>
      </void>
     </object>
    </void>
   </object>
  </void>
  <void method="add">
   <object class="factura.Factura">
    <void property="fecha">
     <object class="java.util.GregorianCalendar" id="GregorianCalendar1">
      <void property="time">
       <object class="java.util.Date">
        <long>1636050735116</long>
       </object>
      </void>
     </object>
    </void>
    <void property="numFactura">
     <int>2</int>
    </void>
    <void property="paciente">
     <object class="usuarios.Mayor" id="Mayor1">
      <void property="ciudad">
       <string>Mar del plata</string>
      </void>
      <void property="consultas">
       <void method="put">
        <object class="usuarios.MedicoPermanenteDecorator" id="MedicoPermanenteDecorator1">
         <void property="ciudad">
          <string>Mar del Plata</string>
         </void>
         <void property="dni">
          <string>7432138</string>
         </void>
         <void property="domicilio">
          <string>Belgrano 2135</string>
         </void>
         <void property="honorario">
          <double>7062.000000000001</double>
         </void>
         <void property="medico">
          <object class="usuarios.MedicoPediatra">
           <void property="ciudad">
            <string>Mar del Plata</string>
           </void>
           <void property="dni">
            <string>7432138</string>
           </void>
           <void property="domicilio">
            <string>Belgrano 2135</string>
           </void>
           <void property="honorario">
            <double>6420.0</double>
           </void>
           <void property="nombre">
            <string>Jose Rafael Novo</string>
           </void>
           <void property="numero">
            <int>1408</int>
           </void>
           <void property="telefono">
            <string>5761234</string>
           </void>
          </object>
         </void>
         <void property="nombre">
          <string>Jose Rafael Novo</string>
         </void>
         <void property="numero">
          <int>1408</int>
         </void>
         <void property="reporte">
          <void method="add">
           <object class="factura.Reporte">
            <void property="cantConsultas">
             <int>4</int>
            </void>
            <void property="fecha">
             <object class="java.util.GregorianCalendar" id="GregorianCalendar2">
              <void property="time">
               <object class="java.util.Date">
                <long>1636050740612</long>
               </object>
              </void>
             </object>
            </void>
            <void property="nombrePaciente">
             <string>Richard Palomo</string>
            </void>
            <void property="subtotal">
             <double>28248.000000000004</double>
            </void>
           </object>
          </void>
          <void method="add">
           <object class="factura.Reporte">
            <void property="cantConsultas">
             <int>2</int>
            </void>
            <void property="fecha">
             <object class="java.util.GregorianCalendar" id="GregorianCalendar3">
              <void property="time">
               <object class="java.util.Date">
                <long>1636050743147</long>
               </object>
              </void>
             </object>
            </void>
            <void property="nombrePaciente">
             <string>Veronica Galindo</string>
            </void>
            <void property="subtotal">
             <double>14124.000000000002</double>
            </void>
           </object>
          </void>
         </void>
         <void property="telefono">
          <string>5761234</string>
         </void>
        </object>
        <int>2</int>
       </void>
       <void method="put">
        <object class="usuarios.MedicoTemporarioDecorator" id="MedicoTemporarioDecorator1">
         <void property="ciudad">
          <string>Mar del Plata</string>
         </void>
         <void property="dni">
          <string>82216</string>
         </void>
         <void property="domicilio">
          <string>Moreno 4562</string>
         </void>
         <void property="honorario">
          <double>5775.0</double>
         </void>
         <void property="medico">
          <object class="usuarios.MedicoCirujano">
           <void property="ciudad">
            <string>Mar del Plata</string>
           </void>
           <void property="dni">
            <string>82216</string>
           </void>
           <void property="domicilio">
            <string>Moreno 4562</string>
           </void>
           <void property="honorario">
            <double>5500.0</double>
           </void>
           <void property="nombre">
            <string>Davinia Pino</string>
           </void>
           <void property="numero">
            <int>1407</int>
           </void>
           <void property="telefono">
            <string>6872312</string>
           </void>
          </object>
         </void>
         <void property="nombre">
          <string>Davinia Pino</string>
         </void>
         <void property="numero">
          <int>1407</int>
         </void>
         <void property="reporte">
          <void method="add">
           <object class="factura.Reporte">
            <void property="cantConsultas">
             <int>4</int>
            </void>
            <void property="fecha">
             <object idref="GregorianCalendar1"/>
            </void>
            <void property="nombrePaciente">
             <string>Veronica Galindo</string>
            </void>
            <void property="subtotal">
             <double>23100.0</double>
            </void>
           </object>
          </void>
          <void method="add">
           <object class="factura.Reporte">
            <void property="cantConsultas">
             <int>3</int>
            </void>
            <void property="fecha">
             <object class="java.util.GregorianCalendar" id="GregorianCalendar4">
              <void property="time">
               <object class="java.util.Date">
                <long>1636050737595</long>
               </object>
              </void>
             </object>
            </void>
            <void property="nombrePaciente">
             <string>Agustin Adan</string>
            </void>
            <void property="subtotal">
             <double>17325.0</double>
            </void>
           </object>
          </void>
          <void method="add">
           <object class="factura.Reporte">
            <void property="cantConsultas">
             <int>4</int>
            </void>
            <void property="fecha">
             <object idref="GregorianCalendar3"/>
            </void>
            <void property="nombrePaciente">
             <string>Veronica Galindo</string>
            </void>
            <void property="subtotal">
             <double>23100.0</double>
            </void>
           </object>
          </void>
         </void>
         <void property="telefono">
          <string>6872312</string>
         </void>
        </object>
        <int>4</int>
       </void>
      </void>
      <void property="dni">
       <string>65761321</string>
      </void>
      <void property="domicilio">
       <string>Moreno 1239</string>
      </void>
      <void property="nombre">
       <string>Veronica Galindo</string>
      </void>
      <void property="numero">
       <int>1</int>
      </void>
      <void property="rangoEtario">
       <string>Mayor</string>
      </void>
      <void property="telefono">
       <string>2234564687</string>
      </void>
     </object>
    </void>
   </object>
  </void>
  <void method="add">
   <object class="factura.Factura">
    <void property="fecha">
     <object idref="GregorianCalendar4"/>
    </void>
    <void property="numFactura">
     <int>3</int>
    </void>
    <void property="paciente">
     <object class="usuarios.Nino" id="Nino0">
      <void property="ciudad">
       <string>Mar del plata</string>
      </void>
      <void property="consultas">
       <void method="put">
        <object idref="MedicoTemporarioDecorator1"/>
        <int>3</int>
       </void>
      </void>
      <void property="dni">
       <string>7561238</string>
      </void>
      <void property="domicilio">
       <string>Colon 1239</string>
      </void>
      <void property="nombre">
       <string>Agustin Adan</string>
      </void>
      <void property="numero">
       <int>2</int>
      </void>
      <void property="rangoEtario">
       <string>Nino</string>
      </void>
      <void property="telefono">
       <string>6873213</string>
      </void>
     </object>
    </void>
   </object>
  </void>
  <void method="add">
   <object class="factura.Factura">
    <void property="fecha">
     <object idref="GregorianCalendar2"/>
    </void>
    <void property="numFactura">
     <int>4</int>
    </void>
    <void property="paciente">
     <object class="usuarios.Joven" id="Joven0">
      <void property="ciudad">
       <string>Mar del plata</string>
      </void>
      <void property="consultas">
       <void method="put">
        <object idref="MedicoPermanenteDecorator1"/>
        <int>4</int>
       </void>
      </void>
      <void property="dni">
       <string>1354314</string>
      </void>
      <void property="domicilio">
       <string>Buenos Aires 1239</string>
      </void>
      <void property="nombre">
       <string>Richard Palomo</string>
      </void>
      <void property="numero">
       <int>3</int>
      </void>
      <void property="rangoEtario">
       <string>Joven</string>
      </void>
      <void property="telefono">
       <string>2234564687</string>
      </void>
     </object>
    </void>
   </object>
  </void>
  <void method="add">
   <object class="factura.Factura">
    <void property="fecha">
     <object idref="GregorianCalendar3"/>
    </void>
    <void property="numFactura">
     <int>5</int>
    </void>
    <void property="paciente">
     <object idref="Mayor1"/>
    </void>
   </object>
  </void>
  <void method="add">
   <object class="factura.Factura">
    <void property="fecha">
     <object class="java.util.GregorianCalendar" id="GregorianCalendar5">
      <void property="time">
       <object class="java.util.Date">
        <long>1636050789740</long>
       </object>
      </void>
     </object>
    </void>
    <void property="numFactura">
     <int>6</int>
    </void>
    <void property="paciente">
     <object class="usuarios.Nino" id="Nino1">
      <void property="ciudad">
       <string>Mar del plata</string>
      </void>
      <void property="consultas">
       <void method="put">
        <object class="usuarios.MedicoTemporarioDecorator" id="MedicoTemporarioDecorator2">
         <void property="ciudad">
          <string>Mar del Plata</string>
         </void>
         <void property="dni">
          <string>867321</string>
         </void>
         <void property="domicilio">
          <string>Colon 1235</string>
         </void>
         <void property="honorario">
          <double>7717.5</double>
         </void>
         <void property="medico">
          <object class="usuarios.MedicoClinico">
           <void property="ciudad">
            <string>Mar del Plata</string>
           </void>
           <void property="dni">
            <string>867321</string>
           </void>
           <void property="domicilio">
            <string>Colon 1235</string>
           </void>
           <void property="honorario">
            <double>7350.0</double>
           </void>
           <void property="nombre">
            <string>Luca Bermudez</string>
           </void>
           <void property="numero">
            <int>1409</int>
           </void>
           <void property="telefono">
            <string>57658432</string>
           </void>
          </object>
         </void>
         <void property="nombre">
          <string>Luca Bermudez</string>
         </void>
         <void property="numero">
          <int>1409</int>
         </void>
         <void property="reporte">
          <void method="add">
           <object class="factura.Reporte">
            <void property="cantConsultas">
             <int>2</int>
            </void>
            <void property="fecha">
             <object class="java.util.GregorianCalendar" id="GregorianCalendar6">
              <void property="time">
               <object class="java.util.Date">
                <long>1636050792611</long>
               </object>
              </void>
             </object>
            </void>
            <void property="nombrePaciente">
             <string>Agustin Adan</string>
            </void>
            <void property="subtotal">
             <double>15435.0</double>
            </void>
           </object>
          </void>
         </void>
         <void property="telefono">
          <string>57658432</string>
         </void>
        </object>
        <int>2</int>
       </void>
       <void method="put">
        <object class="usuarios.MedicoTemporarioDecorator" id="MedicoTemporarioDecorator3">
         <void property="ciudad">
          <string>Mar del Plata</string>
         </void>
         <void property="dni">
          <string>82216</string>
         </void>
         <void property="domicilio">
          <string>Moreno 4562</string>
         </void>
         <void property="honorario">
          <double>5775.0</double>
         </void>
         <void property="medico">
          <object class="usuarios.MedicoCirujano">
           <void property="ciudad">
            <string>Mar del Plata</string>
           </void>
           <void property="dni">
            <string>82216</string>
           </void>
           <void property="domicilio">
            <string>Moreno 4562</string>
           </void>
           <void property="honorario">
            <double>5500.0</double>
           </void>
           <void property="nombre">
            <string>Davinia Pino</string>
           </void>
           <void property="numero">
            <int>1407</int>
           </void>
           <void property="telefono">
            <string>6872312</string>
           </void>
          </object>
         </void>
         <void property="nombre">
          <string>Davinia Pino</string>
         </void>
         <void property="numero">
          <int>1407</int>
         </void>
         <void property="reporte">
          <void method="add">
           <object class="factura.Reporte">
            <void property="cantConsultas">
             <int>3</int>
            </void>
            <void property="fecha">
             <object idref="GregorianCalendar5"/>
            </void>
            <void property="nombrePaciente">
             <string>Agustin Adan</string>
            </void>
            <void property="subtotal">
             <double>17325.0</double>
            </void>
           </object>
          </void>
          <void method="add">
           <object class="factura.Reporte">
            <void property="cantConsultas">
             <int>3</int>
            </void>
            <void property="fecha">
             <object idref="GregorianCalendar6"/>
            </void>
            <void property="nombrePaciente">
             <string>Agustin Adan</string>
            </void>
            <void property="subtotal">
             <double>17325.0</double>
            </void>
           </object>
          </void>
         </void>
         <void property="telefono">
          <string>6872312</string>
         </void>
        </object>
        <int>3</int>
       </void>
      </void>
      <void property="dni">
       <string>7561238</string>
      </void>
      <void property="domicilio">
       <string>Colon 1239</string>
      </void>
      <void property="nombre">
       <string>Agustin Adan</string>
      </void>
      <void property="numero">
       <int>2</int>
      </void>
      <void property="rangoEtario">
       <string>Nino</string>
      </void>
      <void property="telefono">
       <string>6873213</string>
      </void>
     </object>
    </void>
   </object>
  </void>
  <void method="add">
   <object class="factura.Factura">
    <void property="fecha">
     <object idref="GregorianCalendar6"/>
    </void>
    <void property="numFactura">
     <int>7</int>
    </void>
    <void property="paciente">
     <object idref="Nino1"/>
    </void>
   </object>
  </void>
  <void method="add">
   <object class="factura.Factura">
    <void property="fecha">
     <object class="java.util.GregorianCalendar" id="GregorianCalendar7">
      <void property="time">
       <object class="java.util.Date">
        <long>1636050794931</long>
       </object>
      </void>
     </object>
    </void>
    <void property="numFactura">
     <int>8</int>
    </void>
    <void property="paciente">
     <object class="usuarios.Joven" id="Joven1">
      <void property="ciudad">
       <string>Mar del plata</string>
      </void>
      <void property="consultas">
       <void method="put">
        <object class="usuarios.MagisterMedicoDecorator" id="MagisterMedicoDecorator0">
         <void property="ciudad">
          <string>Mar del Plata</string>
         </void>
         <void property="dni">
          <string>867321</string>
         </void>
         <void property="domicilio">
          <string>Colon 1235</string>
         </void>
         <void property="honorario">
          <double>8103.375</double>
         </void>
         <void property="medico">
          <object class="usuarios.MedicoTemporarioDecorator">
           <void property="ciudad">
            <string>Mar del Plata</string>
           </void>
           <void property="dni">
            <string>867321</string>
           </void>
           <void property="domicilio">
            <string>Colon 1235</string>
           </void>
           <void property="honorario">
            <double>7717.5</double>
           </void>
           <void property="medico">
            <object class="usuarios.MedicoClinico">
             <void property="ciudad">
              <string>Mar del Plata</string>
             </void>
             <void property="dni">
              <string>867321</string>
             </void>
             <void property="domicilio">
              <string>Colon 1235</string>
             </void>
             <void property="honorario">
              <double>7350.0</double>
             </void>
             <void property="nombre">
              <string>Agustin Adan</string>
             </void>
             <void property="numero">
              <int>1410</int>
             </void>
             <void property="telefono">
              <string>57658432</string>
             </void>
            </object>
           </void>
           <void property="nombre">
            <string>Agustin Adan</string>
           </void>
           <void property="numero">
            <int>1410</int>
           </void>
           <void property="telefono">
            <string>57658432</string>
           </void>
          </object>
         </void>
         <void property="nombre">
          <string>Agustin Adan</string>
         </void>
         <void property="numero">
          <int>1410</int>
         </void>
         <void property="reporte">
          <void method="add">
           <object class="factura.Reporte">
            <void property="cantConsultas">
             <int>3</int>
            </void>
            <void property="fecha">
             <object idref="GregorianCalendar7"/>
            </void>
            <void property="nombrePaciente">
             <string>Richard Palomo</string>
            </void>
            <void property="subtotal">
             <double>24310.125</double>
            </void>
           </object>
          </void>
         </void>
         <void property="telefono">
          <string>57658432</string>
         </void>
        </object>
        <int>3</int>
       </void>
      </void>
      <void property="dni">
       <string>1354314</string>
      </void>
      <void property="domicilio">
       <string>Buenos Aires 1239</string>
      </void>
      <void property="nombre">
       <string>Richard Palomo</string>
      </void>
      <void property="numero">
       <int>3</int>
      </void>
      <void property="rangoEtario">
       <string>Joven</string>
      </void>
      <void property="telefono">
       <string>2234564687</string>
      </void>
     </object>
    </void>
   </object>
  </void>
  <void method="add">
   <object class="factura.Factura">
    <void property="fecha">
     <object class="java.util.GregorianCalendar" id="GregorianCalendar8">
      <void property="time">
       <object class="java.util.Date">
        <long>1636051026253</long>
       </object>
      </void>
     </object>
    </void>
    <void property="numFactura">
     <int>9</int>
    </void>
    <void property="paciente">
     <object class="usuarios.Mayor" id="Mayor2">
      <void property="ciudad">
       <string>Mar del plata</string>
      </void>
      <void property="consultas">
       <void method="put">
        <object class="usuarios.MedicoTemporarioDecorator" id="MedicoTemporarioDecorator4">
         <void property="ciudad">
          <string>Mar del Plata</string>
         </void>
         <void property="dni">
          <string>82216</string>
         </void>
         <void property="domicilio">
          <string>Moreno 4562</string>
         </void>
         <void property="honorario">
          <double>5775.0</double>
         </void>
         <void property="medico">
          <object class="usuarios.MedicoCirujano">
           <void property="ciudad">
            <string>Mar del Plata</string>
           </void>
           <void property="dni">
            <string>82216</string>
           </void>
           <void property="domicilio">
            <string>Moreno 4562</string>
           </void>
           <void property="honorario">
            <double>5500.0</double>
           </void>
           <void property="nombre">
            <string>Davinia Pino</string>
           </void>
           <void property="numero">
            <int>1407</int>
           </void>
           <void property="telefono">
            <string>6872312</string>
           </void>
          </object>
         </void>
         <void property="nombre">
          <string>Davinia Pino</string>
         </void>
         <void property="numero">
          <int>1407</int>
         </void>
         <void property="reporte">
          <void method="add">
           <object class="factura.Reporte">
            <void property="cantConsultas">
             <int>2</int>
            </void>
            <void property="fecha">
             <object idref="GregorianCalendar8"/>
            </void>
            <void property="nombrePaciente">
             <string>Veronica Galindo</string>
            </void>
            <void property="subtotal">
             <double>11550.0</double>
            </void>
           </object>
          </void>
         </void>
         <void property="telefono">
          <string>6872312</string>
         </void>
        </object>
        <int>2</int>
       </void>
      </void>
      <void property="dni">
       <string>65761321</string>
      </void>
      <void property="domicilio">
       <string>Moreno 1239</string>
      </void>
      <void property="nombre">
       <string>Veronica Galindo</string>
      </void>
      <void property="numero">
       <int>1</int>
      </void>
      <void property="rangoEtario">
       <string>Mayor</string>
      </void>
      <void property="telefono">
       <string>2234564687</string>
      </void>
     </object>
    </void>
   </object>
  </void>
  <void method="add">
   <object class="factura.Factura">
    <void property="fecha">
     <object class="java.util.GregorianCalendar" id="GregorianCalendar9">
      <void property="time">
       <object class="java.util.Date">
        <long>1636051030142</long>
       </object>
      </void>
     </object>
    </void>
    <void property="numFactura">
     <int>10</int>
    </void>
    <void property="paciente">
     <object class="usuarios.Nino" id="Nino2">
      <void property="ciudad">
       <string>Mar del plata</string>
      </void>
      <void property="consultas">
       <void method="put">
        <object class="usuarios.MedicoTemporarioDecorator" id="MedicoTemporarioDecorator5">
         <void property="ciudad">
          <string>Mar del Plata</string>
         </void>
         <void property="dni">
          <string>867321</string>
         </void>
         <void property="domicilio">
          <string>Colon 1235</string>
         </void>
         <void property="honorario">
          <double>7717.5</double>
         </void>
         <void property="medico">
          <object class="usuarios.MedicoClinico">
           <void property="ciudad">
            <string>Mar del Plata</string>
           </void>
           <void property="dni">
            <string>867321</string>
           </void>
           <void property="domicilio">
            <string>Colon 1235</string>
           </void>
           <void property="honorario">
            <double>7350.0</double>
           </void>
           <void property="nombre">
            <string>Luca Bermudez</string>
           </void>
           <void property="numero">
            <int>1409</int>
           </void>
           <void property="telefono">
            <string>57658432</string>
           </void>
          </object>
         </void>
         <void property="nombre">
          <string>Luca Bermudez</string>
         </void>
         <void property="numero">
          <int>1409</int>
         </void>
         <void property="reporte">
          <void method="add">
           <object class="factura.Reporte">
            <void property="cantConsultas">
             <int>1</int>
            </void>
            <void property="fecha">
             <object idref="GregorianCalendar9"/>
            </void>
            <void property="nombrePaciente">
             <string>Agustin Adan</string>
            </void>
            <void property="subtotal">
             <double>7717.5</double>
            </void>
           </object>
          </void>
         </void>
         <void property="telefono">
          <string>57658432</string>
         </void>
        </object>
        <int>1</int>
       </void>
      </void>
      <void property="dni">
       <string>7561238</string>
      </void>
      <void property="domicilio">
       <string>Colon 1239</string>
      </void>
      <void property="internaciones">
       <void method="put">
        <object class="lugares.HabPrivada"/>
        <int>3</int>
       </void>
      </void>
      <void property="nombre">
       <string>Agustin Adan</string>
      </void>
      <void property="numero">
       <int>2</int>
      </void>
      <void property="rangoEtario">
       <string>Nino</string>
      </void>
      <void property="telefono">
       <string>6873213</string>
      </void>
     </object>
    </void>
   </object>
  </void>
  <void method="add">
   <object class="factura.Factura">
    <void property="fecha">
     <object class="java.util.GregorianCalendar">
      <void property="time">
       <object class="java.util.Date">
        <long>1636051037520</long>
       </object>
      </void>
     </object>
    </void>
    <void property="numFactura">
     <int>11</int>
    </void>
    <void property="paciente">
     <object class="usuarios.Joven" id="Joven2">
      <void property="ciudad">
       <string>Mar del plata</string>
      </void>
      <void property="dni">
       <string>1354314</string>
      </void>
      <void property="domicilio">
       <string>Buenos Aires 1239</string>
      </void>
      <void property="internaciones">
       <void method="put">
        <object class="lugares.HabPrivada"/>
        <int>4</int>
       </void>
      </void>
      <void property="nombre">
       <string>Richard Palomo</string>
      </void>
      <void property="numero">
       <int>3</int>
      </void>
      <void property="rangoEtario">
       <string>Joven</string>
      </void>
      <void property="telefono">
       <string>2234564687</string>
      </void>
     </object>
    </void>
   </object>
  </void>
 </object>
</java>
