<?xml version="1.0" encoding="UTF-8"?>
<java version="16.0.1" class="java.beans.XMLDecoder">
 <object class="java.util.ArrayList">
  <void method="add">
   <object class="factura.Factura">
    <void property="fecha">
     <object class="java.util.GregorianCalendar" id="GregorianCalendar0">
      <void property="time">
       <object class="java.util.Date">
        <long>1636042539323</long>
       </object>
      </void>
     </object>
    </void>
    <void property="numFactura">
     <int>1</int>
    </void>
    <void property="paciente">
     <object class="usuarios.Mayor" id="Mayor0">
      <void property="ciudad">
       <string>Mar del plata</string>
      </void>
      <void property="consultas">
       <void method="put">
        <object class="usuarios.MedicoTemporarioDecorator" id="MedicoTemporarioDecorator0">
         <void property="ciudad">
          <string>Mar del Plata</string>
         </void>
         <void property="dni">
          <string>867321</string>
         </void>
         <void property="domicilio">
          <string>Colon 1235</string>
         </void>
         <void property="honorario">
          <double>7717.5</double>
         </void>
         <void property="medico">
          <object class="usuarios.MedicoClinico">
           <void property="ciudad">
            <string>Mar del Plata</string>
           </void>
           <void property="dni">
            <string>867321</string>
           </void>
           <void property="domicilio">
            <string>Colon 1235</string>
           </void>
           <void property="honorario">
            <double>7350.0</double>
           </void>
           <void property="nombre">
            <string>Luca Bermudez</string>
           </void>
           <void property="numero">
            <int>1409</int>
           </void>
           <void property="telefono">
            <string>57658432</string>
           </void>
          </object>
         </void>
         <void property="nombre">
          <string>Luca Bermudez</string>
         </void>
         <void property="numero">
          <int>1409</int>
         </void>
         <void property="reporte">
          <void method="add">
           <object class="factura.Reporte">
            <void property="cantConsultas">
             <int>1</int>
            </void>
            <void property="fecha">
             <object idref="GregorianCalendar0"/>
            </void>
            <void property="nombrePaciente">
             <string>Veronica Galindo</string>
            </void>
            <void property="subtotal">
             <double>7717.5</double>
            </void>
           </object>
          </void>
         </void>
         <void property="telefono">
          <string>57658432</string>
         </void>
        </object>
        <int>1</int>
       </void>
       <void method="put">
        <object class="usuarios.MedicoTemporarioDecorator" id="MedicoTemporarioDecorator1">
         <void property="ciudad">
          <string>Mar del Plata</string>
         </void>
         <void property="dni">
          <string>82216</string>
         </void>
         <void property="domicilio">
          <string>Moreno 4562</string>
         </void>
         <void property="honorario">
          <double>5775.0</double>
         </void>
         <void property="medico">
          <object class="usuarios.MedicoCirujano">
           <void property="ciudad">
            <string>Mar del Plata</string>
           </void>
           <void property="dni">
            <string>82216</string>
           </void>
           <void property="domicilio">
            <string>Moreno 4562</string>
           </void>
           <void property="honorario">
            <double>5500.0</double>
           </void>
           <void property="nombre">
            <string>Davinia Pino</string>
           </void>
           <void property="numero">
            <int>1407</int>
           </void>
           <void property="telefono">
            <string>6872312</string>
           </void>
          </object>
         </void>
         <void property="nombre">
          <string>Davinia Pino</string>
         </void>
         <void property="numero">
          <int>1407</int>
         </void>
         <void property="reporte">
          <void method="add">
           <object class="factura.Reporte">
            <void property="cantConsultas">
             <int>1</int>
            </void>
            <void property="fecha">
             <object idref="GregorianCalendar0"/>
            </void>
            <void property="nombrePaciente">
             <string>Veronica Galindo</string>
            </void>
            <void property="subtotal">
             <double>5775.0</double>
            </void>
           </object>
          </void>
         </void>
         <void property="telefono">
          <string>6872312</string>
         </void>
        </object>
        <int>1</int>
       </void>
      </void>
      <void property="dni">
       <string>65761321</string>
      </void>
      <void property="domicilio">
       <string>Moreno 1239</string>
      </void>
      <void property="nombre">
       <string>Veronica Galindo</string>
      </void>
      <void property="numero">
       <int>1</int>
      </void>
      <void property="rangoEtario">
       <string>Mayor</string>
      </void>
      <void property="telefono">
       <string>2234564687</string>
      </void>
     </object>
    </void>
   </object>
  </void>
  <void method="add">
   <object class="factura.Factura">
    <void property="fecha">
     <object class="java.util.GregorianCalendar">
      <void property="time">
       <object class="java.util.Date">
        <long>1636051101656</long>
       </object>
      </void>
     </object>
    </void>
    <void property="numFactura">
     <int>2</int>
    </void>
    <void property="paciente">
     <object class="usuarios.Nino">
      <void property="ciudad">
       <string>Mar del plata</string>
      </void>
      <void property="dni">
       <string>7561238</string>
      </void>
      <void property="domicilio">
       <string>Colon 1239</string>
      </void>
      <void property="nombre">
       <string>Agustin Adan</string>
      </void>
      <void property="numero">
       <int>2</int>
      </void>
      <void property="rangoEtario">
       <string>Nino</string>
      </void>
      <void property="telefono">
       <string>6873213</string>
      </void>
     </object>
    </void>
   </object>
  </void>
  <void method="add">
   <object class="factura.Factura">
    <void property="fecha">
     <object class="java.util.GregorianCalendar" id="GregorianCalendar1">
      <void property="time">
       <object class="java.util.Date">
        <long>1636051479676</long>
       </object>
      </void>
     </object>
    </void>
    <void property="numFactura">
     <int>3</int>
    </void>
    <void property="paciente">
     <object class="usuarios.Joven" id="Joven0">
      <void property="ciudad">
       <string>Mar del plata</string>
      </void>
      <void property="consultas">
       <void method="put">
        <object class="usuarios.MedicoPermanenteDecorator" id="MedicoPermanenteDecorator0">
         <void property="ciudad">
          <string>Mar del Plata</string>
         </void>
         <void property="dni">
          <string>7432138</string>
         </void>
         <void property="domicilio">
          <string>Belgrano 2135</string>
         </void>
         <void property="honorario">
          <double>7062.000000000001</double>
         </void>
         <void property="medico">
          <object class="usuarios.MedicoPediatra">
           <void property="ciudad">
            <string>Mar del Plata</string>
           </void>
           <void property="dni">
            <string>7432138</string>
           </void>
           <void property="domicilio">
            <string>Belgrano 2135</string>
           </void>
           <void property="honorario">
            <double>6420.0</double>
           </void>
           <void property="nombre">
            <string>Jose Rafael Novo</string>
           </void>
           <void property="numero">
            <int>1408</int>
           </void>
           <void property="telefono">
            <string>5761234</string>
           </void>
          </object>
         </void>
         <void property="nombre">
          <string>Jose Rafael Novo</string>
         </void>
         <void property="numero">
          <int>1408</int>
         </void>
         <void property="reporte">
          <void method="add">
           <object class="factura.Reporte">
            <void property="cantConsultas">
             <int>1</int>
            </void>
            <void property="fecha">
             <object idref="GregorianCalendar1"/>
            </void>
            <void property="nombrePaciente">
             <string>Richard Palomo</string>
            </void>
            <void property="subtotal">
             <double>7062.000000000001</double>
            </void>
           </object>
          </void>
         </void>
         <void property="telefono">
          <string>5761234</string>
         </void>
        </object>
        <int>1</int>
       </void>
      </void>
      <void property="dni">
       <string>1354314</string>
      </void>
      <void property="domicilio">
       <string>Buenos Aires 1239</string>
      </void>
      <void property="nombre">
       <string>Richard Palomo</string>
      </void>
      <void property="numero">
       <int>3</int>
      </void>
      <void property="rangoEtario">
       <string>Joven</string>
      </void>
      <void property="telefono">
       <string>2234564687</string>
      </void>
     </object>
    </void>
   </object>
  </void>
  <void method="add">
   <object class="factura.Factura">
    <void property="fecha">
     <object class="java.util.GregorianCalendar" id="GregorianCalendar2">
      <void property="time">
       <object class="java.util.Date">
        <long>1636051799486</long>
       </object>
      </void>
     </object>
    </void>
    <void property="numFactura">
     <int>4</int>
    </void>
    <void property="paciente">
     <object class="usuarios.Nino" id="Nino0">
      <void property="ciudad">
       <string>Mar del plata</string>
      </void>
      <void property="consultas">
       <void method="put">
        <object class="usuarios.MedicoTemporarioDecorator" id="MedicoTemporarioDecorator2">
         <void property="ciudad">
          <string>Mar del Plata</string>
         </void>
         <void property="dni">
          <string>82216</string>
         </void>
         <void property="domicilio">
          <string>Moreno 4562</string>
         </void>
         <void property="honorario">
          <double>5775.0</double>
         </void>
         <void property="medico">
          <object class="usuarios.MedicoCirujano">
           <void property="ciudad">
            <string>Mar del Plata</string>
           </void>
           <void property="dni">
            <string>82216</string>
           </void>
           <void property="domicilio">
            <string>Moreno 4562</string>
           </void>
           <void property="honorario">
            <double>5500.0</double>
           </void>
           <void property="nombre">
            <string>Davinia Pino</string>
           </void>
           <void property="numero">
            <int>1407</int>
           </void>
           <void property="telefono">
            <string>6872312</string>
           </void>
          </object>
         </void>
         <void property="nombre">
          <string>Davinia Pino</string>
         </void>
         <void property="numero">
          <int>1407</int>
         </void>
         <void property="reporte">
          <void method="add">
           <object class="factura.Reporte">
            <void property="cantConsultas">
             <int>1</int>
            </void>
            <void property="fecha">
             <object idref="GregorianCalendar2"/>
            </void>
            <void property="nombrePaciente">
             <string>Agustin Adan</string>
            </void>
            <void property="subtotal">
             <double>5775.0</double>
            </void>
           </object>
          </void>
         </void>
         <void property="telefono">
          <string>6872312</string>
         </void>
        </object>
        <int>1</int>
       </void>
      </void>
      <void property="dni">
       <string>7561238</string>
      </void>
      <void property="domicilio">
       <string>Colon 1239</string>
      </void>
      <void property="nombre">
       <string>Agustin Adan</string>
      </void>
      <void property="numero">
       <int>2</int>
      </void>
      <void property="rangoEtario">
       <string>Nino</string>
      </void>
      <void property="telefono">
       <string>6873213</string>
      </void>
     </object>
    </void>
   </object>
  </void>
 </object>
</java>
